date,service_station,product,closing_stock_litres
2025-10-09,Head Office,PETROL,1.0
2025-10-08,Head Office,PETROTRADE DIESEL,1.0
2025-10-08,Head Office,PETROTRADE PETROL,1.0
2025-08-14,Khami,PETROL,7808.0
2025-08-09,Samora,DIESEL,3100.0
2025-08-09,Samora,PETROL,4200.0
2025-08-08,Samora,DIESEL,4900.0
2025-08-08,Samora,PETROL,7100.0
2025-08-03,Samora,DIESEL,5200.0
2025-08-03,Samora,PETROL,9600.0
2025-08-02,Samora,DIESEL,6100.0
2025-08-02,Samora,PETROL,11600.0
2025-08-01,Samora,DIESEL,6800.0
2025-08-01,Samora,PETROL,14500.0
2025-07-31,Samora,DIESEL,7400.0
2025-07-31,Samora,PETROL,8800.0
2025-07-30,Samora,DIESEL,7900.0
2025-07-30,Samora,PETROL,10600.0
2025-07-29,Samora,DIESEL,2400.0
2025-07-29,Samora,PETROL,4700.0
2025-07-28,Samora,DIESEL,2900.0
2025-07-28,Samora,PETROL,6500.0
2025-07-27,Samora,DIESEL,3400.0
2025-07-27,Samora,PETROL,8000.0
2025-07-26,Samora,DIESEL,3800.0
2025-07-26,Samora,PETROL,3300.0
2025-07-25,Samora,DIESEL,4500.0
2025-07-25,Samora,PETROL,5600.0
2025-07-24,Samora,DIESEL,5200.0
2025-07-24,Samora,PETROL,7600.0
2025-07-21,Samora,DIESEL,2800.0
2025-07-21,Samora,PETROL,13300.0
2025-07-20,Samora,DIESEL,3100.0
2025-07-20,Samora,PETROL,7000.0
2025-07-19,Samora,DIESEL,3700.0
2025-07-19,Samora,PETROL,9100.0
2025-07-18,Samora,DIESEL,4600.0
2025-07-18,Samora,PETROL,11700.0
2025-07-17,Samora,DIESEL,5200.0
2025-07-17,Samora,PETROL,13700.0
2025-07-16,Samora,DIESEL,6000.0
2025-07-16,Samora,PETROL,15800.0
2025-07-15,Khami,DIESEL,9620.0
2025-07-15,Khami,PETROL,17569.0
2025-07-15,Samora,DIESEL,1600.0
2025-07-15,Samora,PETROL,9644.0
2025-07-14,Khami,DIESEL,1691.0
2025-07-14,Khami,PETROL,18362.0
2025-07-14,Samora,DIESEL,2200.0
2025-07-14,Samora,PETROL,12000.0
2025-07-13,Khami,DIESEL,3227.0
2025-07-13,Khami,PETROL,19098.0
2025-07-13,Samora,DIESEL,2900.0
2025-07-13,Samora,PETROL,14000.0
2025-07-12,Khami,DIESEL,5279.0
2025-07-12,Khami,PETROL,13407.0
2025-07-12,Samora,DIESEL,3700.0
2025-07-12,Samora,PETROL,8800.0
2025-07-11,Khami,DIESEL,7493.0
2025-07-11,Khami,PETROL,14117.0
2025-07-11,Samora,DIESEL,4700.0
2025-07-11,Samora,PETROL,5400.0
2025-07-10,Khami,DIESEL,10422.0
2025-07-10,Khami,PETROL,14974.0
2025-07-10,Samora,DIESEL,5300.0
2025-07-10,Samora,PETROL,7600.0
2025-07-09,Khami,DIESEL,12903.0
2025-07-09,Khami,PETROL,15922.0
2025-07-09,Samora,DIESEL,6100.0
2025-07-09,Samora,PETROL,10100.0
2025-07-08,Khami,DIESEL,15832.0
2025-07-08,Khami,PETROL,9780.0
2025-07-07,Khami,DIESEL,19352.0
2025-07-07,Khami,PETROL,10758.0
2025-07-06,Khami,DIESEL,20749.0
2025-07-06,Khami,PETROL,11627.0
2025-07-05,Fort Street,DIESEL,20957.0
2025-07-05,Fort Street,PETROL,5798.0
2025-07-04,Khami,DIESEL,24441.0
2025-07-04,Khami,PETROL,7296.0
2025-07-03,Khami,DIESEL,27132.0
2025-07-03,Khami,PETROL,8063.0
2025-07-03,Samora,DIESEL,5100.0
2025-07-03,Samora,PETROL,10400.0
2025-07-02,Khami,DIESEL,17262.0
2025-07-02,Khami,PETROL,8928.0
2025-07-02,Samora,DIESEL,5900.0
2025-07-02,Samora,PETROL,5500.0
2025-07-01,Khami,DIESEL,19432.0
2025-07-01,Khami,PETROL,9826.0
2025-07-01,Samora,DIESEL,6800.0
2025-07-01,Samora,PETROL,7700.0
2025-06-30,Khami,DIESEL,16613.0
2025-06-30,Khami,PETROL,11118.0
2025-06-30,Samora,DIESEL,7400.0
2025-06-30,Samora,PETROL,10000.0
2025-06-29,Khami,DIESEL,18020.0
2025-06-29,Khami,PETROL,12094.0
2025-06-29,Samora,DIESEL,7900.0
2025-06-29,Samora,PETROL,11800.0
2025-06-28,Khami,DIESEL,7555.0
2025-06-28,Khami,PETROL,13282.0
2025-06-28,Samora,DIESEL,8400.0
2025-06-28,Samora,PETROL,8900.0
2025-06-27,Khami,DIESEL,10082.0
2025-06-27,Khami,PETROL,14534.0
2025-06-27,Samora,DIESEL,9600.0
2025-06-27,Samora,PETROL,11500.0
2025-06-26,Khami,DIESEL,12643.0
2025-06-26,Khami,PETROL,8246.0
2025-06-26,Samora,DIESEL,3000.0
2025-06-26,Samora,PETROL,7300.0
2025-06-25,Khami,DIESEL,8360.0
2025-06-25,Khami,PETROL,9107.0
2025-06-25,Samora,DIESEL,3737.0
2025-06-25,Samora,PETROL,9467.0
2025-06-24,Khami,DIESEL,10179.0
2025-06-24,Khami,PETROL,10046.0
2025-06-24,Samora,DIESEL,4600.0
2025-06-24,Samora,PETROL,5900.0
2025-06-23,Khami,DIESEL,6373.0
2025-06-23,Khami,PETROL,11009.0
2025-06-22,Khami,DIESEL,7077.0
2025-06-22,Khami,PETROL,11665.0
2025-06-21,Khami,DIESEL,8612.0
2025-06-21,Khami,PETROL,12509.0
2025-06-20,Khami,DIESEL,5659.0
2025-06-20,Khami,PETROL,12823.0
2025-06-20,Samora,DIESEL,7600.0
2025-06-20,Samora,PETROL,6500.0
2025-06-19,Khami,DIESEL,644.0
2025-06-19,Khami,PETROL,13674.0
2025-06-19,Samora,DIESEL,1784.0
2025-06-19,Samora,PETROL,8300.0
2025-06-18,Khami,DIESEL,2474.0
2025-06-18,Khami,PETROL,7039.0
2025-06-18,Samora,DIESEL,2500.0
2025-06-18,Samora,PETROL,10300.0
2025-06-17,Khami,DIESEL,5931.0
2025-06-17,Khami,PETROL,8054.0
2025-06-17,Samora,DIESEL,3400.0
2025-06-17,Samora,PETROL,5100.0
2025-06-16,Khami,DIESEL,8998.0
2025-06-16,Khami,PETROL,8925.0
2025-06-16,Samora,DIESEL,4300.0
2025-06-16,Samora,PETROL,7200.0
2025-06-15,Khami,DIESEL,10666.0
2025-06-15,Khami,PETROL,9459.0
2025-06-15,Samora,DIESEL,5033.0
2025-06-15,Samora,PETROL,8600.0
2025-06-14,Khami,DIESEL,12766.0
2025-06-14,Khami,PETROL,10330.0
2025-06-14,Samora,DIESEL,5600.0
2025-06-14,Samora,PETROL,11200.0
2025-06-13,Khami,DIESEL,9928.0
2025-06-13,Khami,PETROL,11135.0
2025-06-13,Samora,DIESEL,6600.0
2025-06-13,Samora,PETROL,9300.0
2025-06-12,Khami,DIESEL,11779.0
2025-06-12,Khami,PETROL,11609.0
2025-06-12,Samora,DIESEL,7900.0
2025-06-12,Samora,PETROL,5100.0
2025-06-11,Khami,DIESEL,7394.0
2025-06-11,Khami,PETROL,6450.0
2025-06-11,Samora,DIESEL,8700.0
2025-06-11,Samora,PETROL,7000.0
2025-06-10,Khami,DIESEL,9223.0
2025-06-10,Khami,PETROL,7293.0
2025-06-10,Samora,DIESEL,4300.0
2025-06-10,Samora,PETROL,2700.0
2025-06-09,Khami,DIESEL,12560.0
2025-06-09,Khami,PETROL,8039.0
2025-06-09,Samora,DIESEL,4900.0
2025-06-09,Samora,PETROL,4800.0
2025-06-08,Khami,DIESEL,8349.0
2025-06-08,Khami,PETROL,8631.0
2025-06-08,Samora,DIESEL,5600.0
2025-06-08,Samora,PETROL,6300.0
2025-06-07,Khami,DIESEL,10292.0
2025-06-07,Khami,PETROL,9350.0
2025-06-06,Khami,DIESEL,12999.0
2025-06-06,Khami,PETROL,10425.0
2025-06-05,Khami,DIESEL,9638.0
2025-06-05,Khami,PETROL,10953.0
2025-06-04,Khami,DIESEL,12522.0
2025-06-04,Khami,PETROL,11689.0
2025-06-03,Khami,DIESEL,7003.0
2025-06-03,Khami,PETROL,12485.0
2025-06-03,R Mugabe,PETROL,4511.0
2025-06-02,Khami,DIESEL,9577.0
2025-06-02,Khami,PETROL,13813.0
2025-06-02,Samora,DIESEL,7200.0
2025-06-02,Samora,PETROL,6000.0
2025-06-01,Khami,DIESEL,11183.0
2025-06-01,Khami,PETROL,7530.0
2025-06-01,Samora,DIESEL,7700.0
2025-06-01,Samora,PETROL,7600.0
2025-05-31,Khami,DIESEL,5393.0
2025-05-31,Khami,PETROL,8351.0
2025-05-31,Samora,DIESEL,8600.0
2025-05-31,Samora,PETROL,9400.0
2025-05-30,Samora,DIESEL,9200.0
2025-05-30,Samora,PETROL,5400.0
2025-05-29,Khami,DIESEL,9764.0
2025-05-29,Khami,PETROL,3188.0
2025-05-29,Samora,DIESEL,10068.0
2025-05-29,Samora,PETROL,2300.0
2025-05-28,Khami,DIESEL,12251.0
2025-05-28,Khami,PETROL,3951.0
2025-05-28,Samora,DIESEL,10800.0
2025-05-28,Samora,PETROL,4500.0
2025-05-27,Khami,DIESEL,14658.0
2025-05-27,Khami,PETROL,4790.0
2025-05-27,Samora,DIESEL,11558.0
2025-05-27,Samora,PETROL,6500.0
2025-05-26,Khami,DIESEL,16097.0
2025-05-26,Khami,PETROL,5407.0
2025-05-26,Samora,DIESEL,12400.0
2025-05-26,Samora,PETROL,7900.0
2025-05-25,Samora,DIESEL,12900.0
2025-05-25,Samora,PETROL,9400.0
2025-05-24,Khami,DIESEL,19318.0
2025-05-24,Khami,PETROL,6949.0
2025-05-24,Samora,DIESEL,8600.0
2025-05-24,Samora,PETROL,3500.0
2025-05-23,Khami,DIESEL,21386.0
2025-05-23,Khami,PETROL,7966.0
2025-05-22,Khami,DIESEL,24015.0
2025-05-22,Khami,PETROL,8607.0
2025-05-20,Khami,DIESEL,28634.0
2025-05-20,Khami,PETROL,9893.0
2025-05-20,Samora,DIESEL,5100.0
2025-05-20,Samora,PETROL,3400.0
2025-05-19,Khami,DIESEL,31153.0
2025-05-19,Khami,PETROL,10920.0
2025-05-19,Samora,DIESEL,5600.0
2025-05-19,Samora,PETROL,5600.0
2025-05-18,Khami,DIESEL,32803.0
2025-05-18,Khami,PETROL,11531.0
2025-05-18,Samora,DIESEL,6200.0
2025-05-18,Samora,PETROL,6900.0
2025-05-17,Khami,DIESEL,34608.0
2025-05-17,Khami,PETROL,4878.0
2025-05-17,Samora,DIESEL,7300.0
2025-05-17,Samora,PETROL,8500.0
2025-05-16,Khami,DIESEL,31733.0
2025-05-16,Khami,PETROL,5746.0
2025-05-16,Samora,DIESEL,8300.0
2025-05-16,Samora,PETROL,3400.0
2025-05-15,Khami,DIESEL,14251.0
2025-05-15,Khami,PETROL,6440.0
2025-05-15,Samora,DIESEL,3900.0
2025-05-15,Samora,PETROL,5200.0
2025-05-14,Khami,DIESEL,16658.0
2025-05-14,Khami,PETROL,7051.0
2025-05-14,Samora,DIESEL,4700.0
2025-05-14,Samora,PETROL,6800.0
2025-05-13,Khami,DIESEL,5594.0
2025-05-13,Khami,PETROL,7855.0
2025-05-13,Samora,DIESEL,5600.0
2025-05-12,Khami,DIESEL,9264.0
2025-05-12,Khami,PETROL,5800.0
2025-05-12,Samora,DIESEL,7100.0
2025-05-12,Samora,PETROL,2200.0
2025-05-11,Samora,DIESEL,7800.0
2025-05-11,Samora,PETROL,4200.0
2025-05-10,Kadoma,PETROL,8198.0
2025-05-10,Samora,DIESEL,8500.0
2025-05-10,Samora,PETROL,6300.0
2025-05-09,Kadoma,PETROL,9386.0
2025-05-09,Khami,DIESEL,573.0
2025-05-09,Khami,PETROL,8210.0
2025-05-09,Samora,DIESEL,9400.0
2025-05-09,Samora,PETROL,8200.0
2025-05-08,Kadoma,DIESEL,5895.0
2025-05-08,Kadoma,PETROL,4639.0
2025-05-08,Khami,DIESEL,3317.0
2025-05-08,Khami,PETROL,8970.0
2025-05-08,Samora,DIESEL,3800.0
2025-05-08,Samora,PETROL,9800.0
2025-05-07,Kadoma,DIESEL,7377.0
2025-05-07,Kadoma,PETROL,6109.0
2025-05-07,Khami,DIESEL,5809.0
2025-05-07,Khami,PETROL,9750.0
2025-05-07,Samora,DIESEL,4300.0
2025-05-07,Samora,PETROL,5300.0
2025-05-06,Kadoma,DIESEL,8835.0
2025-05-06,Kadoma,PETROL,7655.0
2025-05-06,Khami,DIESEL,7630.0
2025-05-06,Khami,PETROL,10527.0
2025-05-06,Samora,DIESEL,5100.0
2025-05-06,Samora,PETROL,1300.0
2025-05-05,Kadoma,DIESEL,11505.0
2025-05-05,Kadoma,PETROL,8990.0
2025-05-05,Khami,DIESEL,11192.0
2025-05-05,Khami,PETROL,11182.0
2025-05-05,Samora,DIESEL,5900.0
2025-05-05,Samora,PETROL,3300.0
2025-05-04,Kadoma,DIESEL,13726.0
2025-05-04,Kadoma,PETROL,10306.0
2025-05-04,Khami,DIESEL,13096.0
2025-05-04,Khami,PETROL,11724.0
2025-05-04,Samora,DIESEL,6300.0
2025-05-04,Samora,PETROL,5000.0
2025-05-03,Kadoma,DIESEL,15422.0
2025-05-03,Kadoma,PETROL,5774.0
2025-05-03,Khami,DIESEL,587.0
2025-05-03,Khami,PETROL,12350.0
2025-05-02,Kadoma,DIESEL,17576.0
2025-05-02,Kadoma,PETROL,7091.0
2025-05-02,Khami,DIESEL,3212.0
2025-05-02,Khami,PETROL,13128.0
2025-05-01,Kadoma,DIESEL,19412.0
2025-05-01,Kadoma,PETROL,8475.0
2025-04-30,Kadoma,DIESEL,6964.0
2025-04-30,Kadoma,PETROL,9723.0
2025-04-30,Khami,DIESEL,8301.0
2025-04-30,Khami,PETROL,7723.0
2025-04-29,Kadoma,DIESEL,9184.0
2025-04-29,Kadoma,PETROL,11327.0
2025-04-29,Khami,DIESEL,4150.0
2025-04-29,Khami,PETROL,8411.0
2025-04-28,Khami,DIESEL,6613.0
2025-04-28,Khami,PETROL,9282.0
2025-04-27,Khami,DIESEL,8603.0
2025-04-27,Khami,PETROL,9956.0
2025-04-26,Khami,DIESEL,10360.0
2025-04-26,Khami,PETROL,10619.0
2025-04-26,Samora,DIESEL,6300.0
2025-04-26,Samora,PETROL,6800.0
2025-04-25,Kadoma,DIESEL,17247.0
2025-04-25,Kadoma,PETROL,9564.0
2025-04-25,Khami,DIESEL,6148.0
2025-04-25,Khami,PETROL,11191.0
2025-04-25,Samora,DIESEL,7300.0
2025-04-25,Samora,PETROL,8900.0
2025-04-24,Kadoma,DIESEL,18918.0
2025-04-24,Kadoma,PETROL,10837.0
2025-04-24,Khami,DIESEL,8662.0
2025-04-24,Khami,PETROL,4431.0
2025-04-24,Samora,DIESEL,8100.0
2025-04-24,Samora,PETROL,3700.0
2025-04-23,Kadoma,DIESEL,8097.0
2025-04-23,Kadoma,PETROL,7018.0
2025-04-23,Samora,DIESEL,3400.0
2025-04-23,Samora,PETROL,4900.0
2025-04-22,Kadoma,DIESEL,9728.0
2025-04-22,Kadoma,PETROL,8436.0
2025-04-22,Khami,DIESEL,12274.0
2025-04-22,Khami,PETROL,6122.0
2025-04-22,Samora,DIESEL,3800.0
2025-04-22,Samora,PETROL,6200.0
2025-04-21,Kadoma,DIESEL,11567.0
2025-04-21,Kadoma,PETROL,9743.0
2025-04-21,Samora,DIESEL,4600.0
2025-04-21,Samora,PETROL,7400.0
2025-04-20,Kadoma,DIESEL,12337.0
2025-04-20,Kadoma,PETROL,10980.0
2025-04-20,Samora,DIESEL,5100.0
2025-04-20,Samora,PETROL,2300.0
2025-04-19,Kadoma,DIESEL,13537.0
2025-04-19,Kadoma,PETROL,12316.0
2025-04-19,Khami,DIESEL,3056.0
2025-04-19,Khami,PETROL,8607.0
2025-04-19,Samora,DIESEL,5700.0
2025-04-19,Samora,PETROL,3400.0
2025-04-18,Kadoma,DIESEL,15511.0
2025-04-18,Kadoma,PETROL,5742.0
2025-04-18,Khami,DIESEL,5032.0
2025-04-18,Khami,PETROL,9317.0
2025-04-18,Samora,DIESEL,7000.0
2025-04-18,Samora,PETROL,5700.0
2025-04-17,Kadoma,DIESEL,17506.0
2025-04-17,Kadoma,PETROL,7818.0
2025-04-17,Khami,DIESEL,8002.0
2025-04-17,Khami,PETROL,10240.0
2025-04-17,Samora,DIESEL,8300.0
2025-04-17,Samora,PETROL,7900.0
2025-04-16,Kadoma,DIESEL,4578.0
2025-04-16,Kadoma,PETROL,9881.0
2025-04-16,Khami,DIESEL,2514.0
2025-04-16,Khami,PETROL,10843.0
2025-04-16,Samora,DIESEL,9000.0
2025-04-16,Samora,PETROL,4300.0
2025-04-15,Kadoma,DIESEL,6196.0
2025-04-15,Kadoma,PETROL,4967.0
2025-04-15,Khami,DIESEL,5366.0
2025-04-15,Khami,PETROL,11778.0
2025-04-15,Samora,DIESEL,9800.0
2025-04-15,Samora,PETROL,5900.0
2025-04-14,Khami,DIESEL,7719.0
2025-04-14,Khami,PETROL,12667.0
2025-04-14,Samora,DIESEL,10600.0
2025-04-14,Samora,PETROL,7800.0
2025-04-13,Samora,DIESEL,3700.0
2025-04-13,Samora,PETROL,8913.0
2025-04-12,Samora,DIESEL,4300.0
2025-04-12,Samora,PETROL,4200.0
2025-04-11,Kadoma,DIESEL,8097.0
2025-04-11,Kadoma,PETROL,5968.0
2025-04-11,Samora,DIESEL,4900.0
2025-04-11,Samora,PETROL,6200.0
2025-04-10,Kadoma,DIESEL,2595.0
2025-04-10,Kadoma,PETROL,3030.0
2025-04-10,Khami,DIESEL,5227.0
2025-04-10,Khami,PETROL,8547.0
2025-04-10,Samora,DIESEL,6500.0
2025-04-10,Samora,PETROL,7700.0
2025-04-09,Kadoma,DIESEL,5228.0
2025-04-09,Kadoma,PETROL,5000.0
2025-04-09,Khami,DIESEL,8006.0
2025-04-09,Khami,PETROL,9139.0
2025-04-09,Samora,DIESEL,900.0
2025-04-09,Samora,PETROL,3000.0
2025-04-08,Kadoma,DIESEL,7075.0
2025-04-08,Kadoma,PETROL,6945.0
2025-04-08,Khami,DIESEL,10423.0
2025-04-08,Khami,PETROL,10111.0
2025-04-08,Samora,DIESEL,2300.0
2025-04-08,Samora,PETROL,5300.0
2025-04-07,Kadoma,DIESEL,8408.0
2025-04-07,Kadoma,PETROL,8970.0
2025-04-07,Khami,DIESEL,13173.0
2025-04-07,Khami,PETROL,11185.0
2025-04-06,Kadoma,DIESEL,9961.0
2025-04-06,Kadoma,PETROL,10673.0
2025-04-06,Khami,DIESEL,8091.0
2025-04-06,Khami,PETROL,4890.0
2025-04-05,Kadoma,DIESEL,11196.0
2025-04-05,Kadoma,PETROL,7345.0
2025-04-05,Khami,DIESEL,9307.0
2025-04-05,Khami,PETROL,5667.0
2025-04-04,Kadoma,DIESEL,5211.0
2025-04-04,Kadoma,PETROL,4656.0
2025-04-04,Khami,DIESEL,11644.0
2025-04-04,Khami,PETROL,6714.0
2025-04-04,Samora,DIESEL,5200.0
2025-04-04,Samora,PETROL,7300.0
2025-04-03,Kadoma,DIESEL,1856.0
2025-04-03,Kadoma,PETROL,1613.0
2025-04-03,Khami,DIESEL,6265.0
2025-04-03,Khami,PETROL,7603.0
2025-04-03,Samora,DIESEL,6200.0
2025-04-03,Samora,PETROL,8800.0
2025-04-02,Kadoma,DIESEL,3406.0
2025-04-02,Kadoma,PETROL,3627.0
2025-04-02,Khami,DIESEL,7782.0
2025-04-02,Khami,PETROL,8607.0
2025-04-02,Samora,DIESEL,7200.0
2025-04-02,Samora,PETROL,5200.0
2025-04-01,Kadoma,DIESEL,4953.0
2025-04-01,Kadoma,PETROL,5645.0
2025-04-01,Khami,DIESEL,10140.0
2025-04-01,Khami,PETROL,9375.0
2025-04-01,Samora,DIESEL,7700.0
2025-04-01,Samora,PETROL,7000.0
2025-03-31,Kadoma,DIESEL,6464.0
2025-03-31,Kadoma,PETROL,6945.0
2025-03-31,Khami,DIESEL,10324.0
2025-03-31,Khami,PETROL,9714.0
2025-03-31,Samora,DIESEL,7800.0
2025-03-31,Samora,PETROL,7300.0
2025-03-30,Kadoma,DIESEL,7396.0
2025-03-30,Kadoma,PETROL,673.0
2025-03-30,Khami,DIESEL,11375.0
2025-03-30,Khami,PETROL,5360.0
2025-03-30,Samora,DIESEL,8100.0
2025-03-30,Samora,PETROL,8600.0
2025-03-29,Kadoma,DIESEL,9282.0
2025-03-29,Kadoma,PETROL,2842.0
2025-03-29,Khami,DIESEL,13197.0
2025-03-29,Khami,PETROL,6775.0
2025-03-28,Kadoma,DIESEL,3667.0
2025-03-28,Kadoma,PETROL,1312.0
2025-03-28,Khami,DIESEL,9052.0
2025-03-28,Khami,PETROL,7614.0
2025-03-28,Samora,DIESEL,9700.0
2025-03-28,Samora,PETROL,7200.0
2025-03-27,Khami,DIESEL,7903.0
2025-03-27,Khami,PETROL,8440.0
2025-03-27,Samora,DIESEL,10400.0
2025-03-27,Samora,PETROL,8700.0
2025-03-26,Khami,DIESEL,9620.0
2025-03-26,Khami,PETROL,9464.0
2025-03-26,R Mugabe,PETROL,182.0
2025-03-26,Samora,DIESEL,11000.0
2025-03-26,Samora,PETROL,10000.0
2025-03-25,Khami,DIESEL,11381.0
2025-03-25,Khami,PETROL,10102.0
2025-03-25,Samora,DIESEL,11500.0
2025-03-25,Samora,PETROL,3800.0
2025-03-24,Kadoma,DIESEL,11175.0
2025-03-24,Kadoma,PETROL,8970.0
2025-03-24,Khami,DIESEL,14000.0
2025-03-24,Khami,PETROL,10966.0
2025-03-24,Samora,DIESEL,12100.0
2025-03-24,Samora,PETROL,5600.0
2025-03-23,Kadoma,DIESEL,11979.0
2025-03-23,Kadoma,PETROL,10469.0
2025-03-23,Khami,DIESEL,15083.0
2025-03-23,Khami,PETROL,11640.0
2025-03-23,Samora,DIESEL,12400.0
2025-03-23,Samora,PETROL,7000.0
2025-03-22,Kadoma,DIESEL,13368.0
2025-03-22,Kadoma,PETROL,12295.0
2025-03-22,Khami,DIESEL,11736.0
2025-03-22,Khami,PETROL,12454.0
2025-03-22,Samora,DIESEL,13400.0
2025-03-22,Samora,PETROL,8800.0
2025-03-21,Khami,DIESEL,1267.0
2025-03-21,Khami,PETROL,13450.0
2025-03-21,Samora,DIESEL,6800.0
2025-03-21,Samora,PETROL,11000.0
2025-03-20,Khami,DIESEL,5331.0
2025-03-20,Khami,PETROL,14251.0
2025-03-20,R Mugabe,PETROL,6200.0
2025-03-19,Khami,DIESEL,3079.0
2025-03-19,Khami,PETROL,7660.0
2025-03-18,Khami,DIESEL,5528.0
2025-03-18,Khami,PETROL,8276.0
2025-03-18,R Mugabe,PETROL,6019.0
2025-03-18,R Mugabe,UNLEADED PETROLDIESEL,8552.0
2025-03-17,Khami,DIESEL,9116.0
2025-03-17,Khami,PETROL,9506.0
2025-03-16,Khami,DIESEL,10500.0
2025-03-16,Khami,PETROL,10295.0
2025-03-15,Khami,DIESEL,4776.0
2025-03-15,Khami,PETROL,11205.0
2025-03-15,R Mugabe,PETROL,8798.0
2025-03-15,R Mugabe,UNLEADED PETROLDIESEL,4225.0
2025-03-15,Samora,DIESEL,5100.0
2025-03-15,Samora,PETROL,14700.0
2025-03-14,Khami,DIESEL,8375.0
2025-03-14,Khami,PETROL,12366.0
2025-03-14,R Mugabe,PETROL,200.0
2025-03-14,R Mugabe,UNLEADED PETROLDIESEL,5940.0
2025-03-14,Samora,DIESEL,5800.0
2025-03-14,Samora,PETROL,4600.0
2025-03-13,Khami,DIESEL,10781.0
2025-03-13,Khami,PETROL,13451.0
2025-03-13,R Mugabe,PETROL,922.0
2025-03-13,R Mugabe,UNLEADED PETROLDIESEL,7554.0
2025-03-13,Samora,DIESEL,6300.0
2025-03-13,Samora,PETROL,6200.0
2025-03-12,Khami,DIESEL,6405.0
2025-03-12,Khami,PETROL,14070.0
2025-03-12,R Mugabe,PETROL,2961.0
2025-03-12,R Mugabe,UNLEADED PETROLDIESEL,1430.0
2025-03-12,Samora,DIESEL,6900.0
2025-03-12,Samora,PETROL,8000.0
2025-03-11,Khami,DIESEL,9164.0
2025-03-11,Khami,PETROL,15339.0
2025-03-11,R Mugabe,PETROL,5139.0
2025-03-11,R Mugabe,UNLEADED PETROLDIESEL,2379.0
2025-03-11,Samora,DIESEL,7300.0
2025-03-11,Samora,PETROL,4700.0
2025-03-10,Khami,DIESEL,12147.0
2025-03-10,Khami,PETROL,16411.0
2025-03-10,R Mugabe,PETROL,7528.0
2025-03-10,R Mugabe,UNLEADED PETROLDIESEL,3480.0
2025-03-10,Samora,DIESEL,7800.0
2025-03-10,Samora,PETROL,6900.0
2025-03-09,Khami,DIESEL,13282.0
2025-03-09,Khami,PETROL,17326.0
2025-03-09,R Mugabe,PETROL,9303.0
2025-03-09,R Mugabe,UNLEADED PETROLDIESEL,5164.0
2025-03-09,Samora,DIESEL,8300.0
2025-03-09,Samora,PETROL,8300.0
2025-03-08,Khami,DIESEL,2376.0
2025-03-08,Khami,PETROL,10833.0
2025-03-08,R Mugabe,PETROL,5112.0
2025-03-08,R Mugabe,UNLEADED PETROLDIESEL,7168.0
2025-03-08,Samora,PETROL,4100.0
2025-03-07,Kadoma,DIESEL,7830.0
2025-03-07,Kadoma,PETROL,10265.0
2025-03-07,Khami,DIESEL,4955.0
2025-03-07,Khami,PETROL,11959.0
2025-03-07,R Mugabe,PETROL,7908.0
2025-03-07,R Mugabe,UNLEADED PETROLDIESEL,8264.0
2025-03-07,Samora,DIESEL,3500.0
2025-03-07,Samora,PETROL,6300.0
2025-03-06,Kadoma,DIESEL,9398.0
2025-03-06,Kadoma,PETROL,11653.0
2025-03-06,Khami,DIESEL,7495.0
2025-03-06,Khami,PETROL,12968.0
2025-03-06,R Mugabe,PETROL,5022.0
2025-03-06,R Mugabe,UNLEADED PETROLDIESEL,9497.0
2025-03-05,Kadoma,DIESEL,4109.0
2025-03-05,Kadoma,PETROL,636.0
2025-03-05,Khami,DIESEL,10418.0
2025-03-05,Khami,PETROL,6323.0
2025-03-05,R Mugabe,PETROL,356.0
2025-03-05,R Mugabe,UNLEADED PETROLDIESEL,935.0
2025-03-05,Samora,DIESEL,4700.0
2025-03-05,Samora,PETROL,3600.0
2025-03-04,Kadoma,DIESEL,5211.0
2025-03-04,Kadoma,PETROL,1763.0
2025-03-04,Khami,DIESEL,12475.0
2025-03-04,Khami,PETROL,7239.0
2025-03-04,R Mugabe,PETROL,2722.0
2025-03-04,R Mugabe,UNLEADED PETROLDIESEL,2070.0
2025-03-03,Kadoma,DIESEL,7358.0
2025-03-03,Kadoma,PETROL,3358.0
2025-03-03,Khami,DIESEL,15199.0
2025-03-03,Khami,PETROL,8327.0
2025-03-03,Mpopoma,DIESEL,11896.0
2025-03-03,Mpopoma,PETROL,11377.0
2025-03-03,Samora,DIESEL,2900.0
2025-03-03,Samora,PETROL,7500.0
2025-03-02,Kadoma,DIESEL,8214.0
2025-03-02,Kadoma,PETROL,4508.0
2025-03-02,Khami,DIESEL,16240.0
2025-03-02,Khami,PETROL,8893.0
2025-03-02,Mpopoma,DIESEL,14341.0
2025-03-02,Mpopoma,PETROL,12609.0
2025-03-02,Samora,DIESEL,3386.0
2025-03-02,Samora,PETROL,9200.0
2025-03-01,Kadoma,DIESEL,9650.0
2025-03-01,Kadoma,PETROL,5698.0
2025-03-01,Khami,DIESEL,9937.0
2025-03-01,Khami,PETROL,9659.0
2025-03-01,Mpopoma,DIESEL,3268.0
2025-03-01,Mpopoma,PETROL,14218.0
2025-03-01,Samora,DIESEL,4100.0
2025-03-01,Samora,PETROL,5000.0
2025-02-28,Kadoma,DIESEL,10866.0
2025-02-28,Kadoma,PETROL,8238.0
2025-02-28,Khami,DIESEL,11153.0
2025-02-28,Khami,PETROL,2806.0
2025-02-28,Mpopoma,DIESEL,6214.0
2025-02-28,Mpopoma,PETROL,1628.0
2025-02-28,Samora,DIESEL,4800.0
2025-02-28,Samora,PETROL,7100.0
2025-02-27,Kadoma,DIESEL,12716.0
2025-02-27,Kadoma,PETROL,5500.0
2025-02-27,Khami,DIESEL,12748.0
2025-02-27,Khami,PETROL,3900.0
2025-02-27,Mpopoma,DIESEL,8168.0
2025-02-27,Mpopoma,PETROL,2582.0
2025-02-27,Samora,DIESEL,5500.0
2025-02-27,Samora,PETROL,9000.0
2025-02-26,Kadoma,DIESEL,14356.0
2025-02-26,Kadoma,PETROL,7145.0
2025-02-26,Khami,DIESEL,6531.0
2025-02-26,Khami,PETROL,4677.0
2025-02-26,Mpopoma,DIESEL,9855.0
2025-02-26,Mpopoma,PETROL,3978.0
2025-02-26,Samora,DIESEL,6200.0
2025-02-26,Samora,PETROL,4900.0
2025-02-25,Kadoma,DIESEL,3232.0
2025-02-25,Kadoma,PETROL,8396.0
2025-02-25,Khami,DIESEL,8376.0
2025-02-25,Khami,PETROL,5661.0
2025-02-25,Mpopoma,DIESEL,12437.0
2025-02-25,Mpopoma,PETROL,5587.0
2025-02-25,Seke,DIESEL,3500.0
2025-02-25,Seke,PETROL,4200.0
2025-02-24,Kadoma,DIESEL,4703.0
2025-02-24,Kadoma,PETROL,9050.0
2025-02-24,Khami,DIESEL,10683.0
2025-02-24,Khami,PETROL,6972.0
2025-02-24,Mpopoma,DIESEL,14369.0
2025-02-24,Mpopoma,PETROL,7421.0
2025-02-24,Seke,DIESEL,8400.0
2025-02-24,Seke,PETROL,7200.0
2025-02-23,Kadoma,DIESEL,5158.0
2025-02-23,Kadoma,PETROL,9921.0
2025-02-23,Khami,DIESEL,12071.0
2025-02-23,Khami,PETROL,7770.0
2025-02-23,Mpopoma,DIESEL,16268.0
2025-02-23,Mpopoma,PETROL,2686.0
2025-02-23,Seke,DIESEL,10600.0
2025-02-23,Seke,PETROL,9600.0
2025-02-22,Kadoma,DIESEL,7377.0
2025-02-22,Kadoma,PETROL,11245.0
2025-02-22,Khami,DIESEL,6349.0
2025-02-22,Khami,PETROL,8457.0
2025-02-22,Mpopoma,DIESEL,5234.0
2025-02-22,Mpopoma,PETROL,4419.0
2025-02-21,Kadoma,DIESEL,9204.0
2025-02-21,Kadoma,PETROL,12842.0
2025-02-21,Khami,DIESEL,8037.0
2025-02-21,Khami,PETROL,9466.0
2025-02-21,Mpopoma,DIESEL,7631.0
2025-02-21,Mpopoma,PETROL,6352.0
2025-02-20,Kadoma,DIESEL,4766.0
2025-02-20,Kadoma,PETROL,1043.0
2025-02-20,Khami,DIESEL,9830.0
2025-02-20,Khami,PETROL,10401.0
2025-02-20,Mpopoma,DIESEL,9843.0
2025-02-20,Mpopoma,PETROL,8373.0
2025-02-19,Kadoma,DIESEL,6143.0
2025-02-19,Kadoma,PETROL,1871.0
2025-02-19,Khami,DIESEL,3580.0
2025-02-19,Khami,PETROL,3914.0
2025-02-19,Mpopoma,DIESEL,4667.0
2025-02-19,Mpopoma,PETROL,2587.0
2025-02-19,Seke,DIESEL,9000.0
2025-02-19,Seke,PETROL,6800.0
2025-02-18,Kadoma,DIESEL,7226.0
2025-02-18,Kadoma,PETROL,3567.0
2025-02-18,Khami,DIESEL,5638.0
2025-02-18,Khami,PETROL,4954.0
2025-02-18,Mpopoma,DIESEL,6590.0
2025-02-18,Mpopoma,PETROL,4197.0
2025-02-18,Seke,DIESEL,791.0
2025-02-18,Seke,PETROL,2600.0
2025-02-17,Khami,DIESEL,8149.0
2025-02-17,Khami,PETROL,6559.0
2025-02-17,Mpopoma,DIESEL,9693.0
2025-02-17,Mpopoma,PETROL,6073.0
2025-02-17,Seke,DIESEL,2000.0
2025-02-17,Seke,PETROL,5600.0
2025-02-16,Khami,DIESEL,9059.0
2025-02-16,Khami,PETROL,7276.0
2025-02-16,Mpopoma,DIESEL,10724.0
2025-02-16,Mpopoma,PETROL,7461.0
2025-02-16,Seke,DIESEL,5065.0
2025-02-16,Seke,PETROL,456.0
2025-02-15,Khami,DIESEL,3702.0
2025-02-15,Khami,PETROL,8282.0
2025-02-15,Mpopoma,DIESEL,7666.0
2025-02-15,Mpopoma,PETROL,8968.0
2025-02-15,Seke,DIESEL,7200.0
2025-02-15,Seke,PETROL,2600.0
2025-02-14,Kadoma,DIESEL,9029.0
2025-02-14,Kadoma,PETROL,5290.0
2025-02-14,Mpopoma,DIESEL,9416.0
2025-02-14,Mpopoma,PETROL,10274.0
2025-02-14,Seke,DIESEL,5300.0
2025-02-14,Seke,PETROL,5500.0
2025-02-13,Kadoma,DIESEL,10186.0
2025-02-13,Kadoma,PETROL,6727.0
2025-02-13,Mpopoma,DIESEL,11290.0
2025-02-13,Mpopoma,PETROL,6387.0
2025-02-13,Seke,DIESEL,849.0
2025-02-13,Seke,PETROL,1407.0
2025-02-12,Kadoma,DIESEL,2108.0
2025-02-12,Kadoma,PETROL,2500.0
2025-02-12,Mpopoma,DIESEL,249.0
2025-02-12,Mpopoma,PETROL,7549.0
2025-02-12,Seke,DIESEL,3000.0
2025-02-12,Seke,PETROL,3400.0
2025-02-11,Kadoma,DIESEL,3290.0
2025-02-11,Kadoma,PETROL,3851.0
2025-02-11,Mpopoma,DIESEL,274.0
2025-02-11,Mpopoma,PETROL,8217.0
2025-02-11,Seke,DIESEL,6700.0
2025-02-11,Seke,PETROL,5600.0
2025-02-10,Fort Street,DIESEL,7894.0
2025-02-10,Fort Street,PETROL,4053.0
2025-02-10,Kadoma,DIESEL,5614.0
2025-02-10,Kadoma,PETROL,5677.0
2025-02-10,Mpopoma,DIESEL,1756.0
2025-02-10,Mpopoma,PETROL,9537.0
2025-02-10,Seke,DIESEL,10800.0
2025-02-10,Seke,PETROL,8300.0
2025-02-09,Fort Street,DIESEL,9175.0
2025-02-09,Fort Street,PETROL,4622.0
2025-02-09,Kadoma,DIESEL,6786.0
2025-02-09,Kadoma,PETROL,6945.0
2025-02-09,Mpopoma,DIESEL,4268.0
2025-02-09,Mpopoma,PETROL,10800.0
2025-02-09,Seke,DIESEL,12940.0
2025-02-09,Seke,PETROL,10600.0
2025-02-08,Kadoma,DIESEL,7792.0
2025-02-08,Kadoma,PETROL,8673.0
2025-02-08,Mpopoma,DIESEL,6787.0
2025-02-08,Mpopoma,PETROL,12019.0
2025-02-08,Seke,DIESEL,8300.0
2025-02-08,Seke,PETROL,5800.0
2025-02-07,Fort Street,DIESEL,7697.0
2025-02-07,Fort Street,PETROL,4927.0
2025-02-07,Kadoma,DIESEL,1711.0
2025-02-07,Kadoma,PETROL,5032.0
2025-02-07,Mpopoma,DIESEL,9186.0
2025-02-07,Mpopoma,PETROL,5599.0
2025-02-07,Seke,DIESEL,6000.0
2025-02-07,Seke,PETROL,8500.0
2025-02-06,Fort Street,DIESEL,4714.0
2025-02-06,Fort Street,PETROL,5764.0
2025-02-06,Kadoma,DIESEL,4359.0
2025-02-06,Kadoma,PETROL,6545.0
2025-02-06,Mpopoma,DIESEL,11813.0
2025-02-06,Mpopoma,PETROL,916.0
2025-02-06,Seke,DIESEL,8500.0
2025-02-06,Seke,PETROL,3200.0
2025-02-05,Fort Street,DIESEL,7273.0
2025-02-05,Fort Street,PETROL,6713.0
2025-02-05,Kadoma,DIESEL,5965.0
2025-02-05,Kadoma,PETROL,8000.0
2025-02-05,Mpopoma,DIESEL,379.0
2025-02-05,Mpopoma,PETROL,939.0
2025-02-05,Seke,DIESEL,12400.0
2025-02-05,Seke,PETROL,2000.0
2025-02-04,Fort Street,DIESEL,8153.0
2025-02-04,Fort Street,PETROL,7370.0
2025-02-04,Kadoma,DIESEL,7415.0
2025-02-04,Kadoma,PETROL,9347.0
2025-02-04,Mpopoma,DIESEL,2857.0
2025-02-04,Mpopoma,PETROL,1562.0
2025-02-04,Seke,DIESEL,8700.0
2025-02-04,Seke,PETROL,4800.0
2025-02-03,Fort Street,DIESEL,9064.0
2025-02-03,Fort Street,PETROL,7939.0
2025-02-03,Mpopoma,DIESEL,4810.0
2025-02-03,Mpopoma,PETROL,2586.0
2025-02-03,Seke,DIESEL,12500.0
2025-02-03,Seke,PETROL,7400.0
2025-02-02,Fort Street,DIESEL,9393.0
2025-02-02,Fort Street,PETROL,8112.0
2025-02-02,Khami,DIESEL,6827.0
2025-02-02,Khami,PETROL,12430.0
2025-02-02,Mpopoma,DIESEL,8617.0
2025-02-02,Mpopoma,PETROL,3402.0
2025-02-02,Seke,DIESEL,2200.0
2025-02-02,Seke,PETROL,4400.0
2025-02-01,Fort Street,DIESEL,10419.0
2025-02-01,Fort Street,PETROL,8442.0
2025-02-01,Khami,DIESEL,7873.0
2025-02-01,Khami,PETROL,12943.0
2025-02-01,Mpopoma,DIESEL,10544.0
2025-02-01,Mpopoma,PETROL,4551.0
2025-02-01,Seke,DIESEL,5600.0
2025-02-01,Seke,PETROL,6700.0
2025-01-31,Fort Street,DIESEL,11699.0
2025-01-31,Fort Street,PETROL,8755.0
2025-01-31,Kadoma,DIESEL,800.0
2025-01-31,Kadoma,PETROL,6800.0
2025-01-31,Mpopoma,DIESEL,4587.0
2025-01-31,Mpopoma,PETROL,5849.0
2025-01-31,Seke,DIESEL,4000.0
2025-01-31,Seke,PETROL,1200.0
2025-01-30,Fort Street,DIESEL,12544.0
2025-01-30,Fort Street,PETROL,9176.0
2025-01-30,Kadoma,DIESEL,3275.0
2025-01-30,Kadoma,PETROL,8376.0
2025-01-30,Mpopoma,DIESEL,7326.0
2025-01-30,Mpopoma,PETROL,6921.0
2025-01-30,Seke,DIESEL,7300.0
2025-01-30,Seke,PETROL,3400.0
2025-01-29,Fort Street,DIESEL,13799.0
2025-01-29,Fort Street,PETROL,1889.0
2025-01-29,Kadoma,DIESEL,5667.0
2025-01-29,Kadoma,PETROL,5000.0
2025-01-29,Mpopoma,DIESEL,10013.0
2025-01-29,Mpopoma,PETROL,8105.0
2025-01-29,Seke,DIESEL,5600.0
2025-01-29,Seke,PETROL,6100.0
2025-01-28,Fort Street,DIESEL,15435.0
2025-01-28,Fort Street,PETROL,2455.0
2025-01-28,Kadoma,DIESEL,6786.0
2025-01-28,Kadoma,PETROL,6491.0
2025-01-28,Mpopoma,DIESEL,12378.0
2025-01-28,Mpopoma,PETROL,9204.0
2025-01-28,Seke,DIESEL,8100.0
2025-01-28,Seke,PETROL,8400.0
2025-01-27,Fort Street,DIESEL,17161.0
2025-01-27,Fort Street,PETROL,3213.0
2025-01-27,Head Office,PETROL,11125.0
2025-01-27,Head Office,UNLEADED PETROLDIESEL,1111.0
2025-01-27,Kadoma,DIESEL,7981.0
2025-01-27,Kadoma,PETROL,7836.0
2025-01-27,Mpopoma,DIESEL,15701.0
2025-01-27,Mpopoma,PETROL,10596.0
2025-01-27,Seke,DIESEL,11500.0
2025-01-27,Seke,PETROL,11100.0
2025-01-26,Fort Street,DIESEL,17546.0
2025-01-26,Fort Street,PETROL,3468.0
2025-01-26,Kadoma,DIESEL,5947.0
2025-01-26,Kadoma,PETROL,1581.0
2025-01-26,Mpopoma,AGRO DIESEL,17434.0
2025-01-26,Mpopoma,PETROL,11743.0
2025-01-26,Seke,DIESEL,14000.0
2025-01-26,Seke,PETROL,13000.0
2025-01-25,Fort Street,DIESEL,18374.0
2025-01-25,Fort Street,PETROL,3927.0
2025-01-25,Kadoma,DIESEL,9534.0
2025-01-25,Kadoma,PETROL,3000.0
2025-01-25,Mpopoma,DIESEL,19901.0
2025-01-25,Mpopoma,PETROL,12751.0
2025-01-25,Seke,DIESEL,12100.0
2025-01-25,Seke,PETROL,15400.0
2025-01-24,Fort Street,DIESEL,12040.0
2025-01-24,Fort Street,PETROL,4494.0
2025-01-24,Kadoma,DIESEL,11320.0
2025-01-24,Kadoma,PETROL,4508.0
2025-01-24,Mpopoma,DIESEL,9219.0
2025-01-24,Mpopoma,PETROL,2651.0
2025-01-24,Seke,DIESEL,10000.0
2025-01-24,Seke,PETROL,17600.0
2025-01-23,Fort Street,DIESEL,13154.0
2025-01-23,Fort Street,PETROL,5259.0
2025-01-23,Kadoma,DIESEL,12526.0
2025-01-23,Kadoma,PETROL,5935.0
2025-01-23,Mpopoma,DIESEL,10610.0
2025-01-23,Mpopoma,PETROL,3625.0
2025-01-23,Seke,DIESEL,7300.0
2025-01-23,Seke,PETROL,12300.0
2025-01-22,Fort Street,DIESEL,14644.0
2025-01-22,Fort Street,PETROL,5720.0
2025-01-22,Kadoma,DIESEL,13453.0
2025-01-22,Kadoma,PETROL,7509.0
2025-01-22,Mpopoma,DIESEL,12248.0
2025-01-22,Mpopoma,PETROL,4691.0
2025-01-22,Seke,DIESEL,11000.0
2025-01-22,Seke,PETROL,14700.0
2025-01-21,Fort Street,DIESEL,15767.0
2025-01-21,Fort Street,PETROL,6175.0
2025-01-21,Kadoma,DIESEL,10371.0
2025-01-21,Kadoma,PETROL,4000.0
2025-01-21,Mpopoma,DIESEL,14013.0
2025-01-21,Mpopoma,PETROL,5951.0
2025-01-21,Seke,DIESEL,6000.0
2025-01-21,Seke,PETROL,9700.0
2025-01-20,Fort Street,DIESEL,12055.0
2025-01-20,Fort Street,PETROL,6840.0
2025-01-20,Mpopoma,DIESEL,15859.0
2025-01-20,Mpopoma,PETROL,7288.0
2025-01-20,Seke,DIESEL,11500.0
2025-01-20,Seke,PETROL,12100.0
2025-01-19,Fort Street,DIESEL,12789.0
2025-01-19,Fort Street,PETROL,7160.0
2025-01-19,Mpopoma,PETROL,11278.0
2025-01-18,Fort Street,DIESEL,7129.0
2025-01-18,Fort Street,PETROL,7425.0
2025-01-18,Khami,DIESEL,12140.0
2025-01-18,Khami,PETROL,7681.0
2025-01-18,Mpopoma,DIESEL,12871.0
2025-01-18,Mpopoma,PETROL,2474.0
